Actual,Predicted
-9.25596e+61,-9.255960000000002e+61
-9.25596e+61,-9.255960000000002e+61
-9.25596e+61,-9.255960000000002e+61
